,wid,vio_type,date_begin,date_end,water_rule,vio_id
0,WA5300250,"Monitoring, Regular",JUL-01-2010<br/>,SEP-30-2010<br/>,"<a href=""https://www.epa.gov/your-drinking-water/table-regulated-drinking-water-contaminants#Inorganic"" name=""LEFT"">Arsenic</a>",10837921005<br/>
1,WA5300250,"Monitoring, Regular",JUL-01-2007<br/>,SEP-30-2007<br/>,"<a href=""https://www.epa.gov/your-drinking-water/table-regulated-drinking-water-contaminants#Inorganic"" name=""LEFT"">Arsenic</a>",07648661005<br/>
0,WA5322525,Follow-up Or Routine LCR Tap M/R,JAN-01-2015<br/>,<br/>,"<a href=""https://www.epa.gov/your-drinking-water/table-regulated-drinking-water-contaminants"" name=""LEFT"">Lead and Copper Rule</a>",1481752<br/>
1,WA5322525,Follow-up Or Routine LCR Tap M/R,JAN-01-2014<br/>,<br/>,"<a href=""https://www.epa.gov/your-drinking-water/table-regulated-drinking-water-contaminants"" name=""LEFT"">Lead and Copper Rule</a>",1323991<br/>
0,WA5301977,"Monitoring, Routine Major (TCR)",MAY-01-2015<br/>,MAY-31-2015<br/>,"<a href=""https://www.epa.gov/your-drinking-water/table-regulated-drinking-water-contaminants#Microorganisms"" name=""LEFT"">Coliform (TCR)</a>",1568151<br/>
0,WA5334544,"Monitoring, Regular",JAN-01-2015<br/>,DEC-31-2015<br/>,"<a href=""https://www.epa.gov/your-drinking-water/table-regulated-drinking-water-contaminants#Inorganic"" name=""LEFT"">Nitrate</a>",1507749<br/>
0,WA5300410,"Monitoring, Repeat Major (TCR)",AUG-01-2014<br/>,AUG-31-2014<br/>,"<a href=""https://www.epa.gov/your-drinking-water/table-regulated-drinking-water-contaminants#Microorganisms"" name=""LEFT"">Coliform (TCR)</a>",1448388<br/>
1,WA5300410,"Monitoring, Regular",JAN-01-2011<br/>,MAR-31-2011<br/>,"<a href=""https://www.epa.gov/your-drinking-water/table-regulated-drinking-water-contaminants#Organic"" name=""LEFT"">Vinyl chloride</a>",13515422976<br/>
2,WA5300410,"Monitoring, Regular",JAN-01-2011<br/>,MAR-31-2011<br/>,"<a href=""https://www.epa.gov/your-drinking-water/table-regulated-drinking-water-contaminants#Organic"" name=""LEFT"">Styrene</a>",13515422996<br/>
3,WA5300410,"Monitoring, Regular",JAN-01-2011<br/>,MAR-31-2011<br/>,"<a href=""https://www.epa.gov/your-drinking-water/table-regulated-drinking-water-contaminants"" name=""LEFT"">Bromobenzene</a>",13515422993<br/>
4,WA5300410,"Monitoring, Regular",JAN-01-2011<br/>,MAR-31-2011<br/>,"<a href=""https://www.epa.gov/your-drinking-water/table-regulated-drinking-water-contaminants#Organic"" name=""LEFT"">Ethylbenzene</a>",13515422992<br/>
5,WA5300410,"Monitoring, Regular",JAN-01-2011<br/>,MAR-31-2011<br/>,"<a href=""https://www.epa.gov/your-drinking-water/table-regulated-drinking-water-contaminants#Organic"" name=""LEFT"">Toluene</a>",13515422991<br/>
6,WA5300410,"Monitoring, Regular",JAN-01-2011<br/>,MAR-31-2011<br/>,"<a href=""https://www.epa.gov/your-drinking-water/table-regulated-drinking-water-contaminants#Organic"" name=""LEFT"">Benzene</a>",13515422990<br/>
7,WA5300410,"Monitoring, Regular",JAN-01-2011<br/>,MAR-31-2011<br/>,"<a href=""https://www.epa.gov/your-drinking-water/table-regulated-drinking-water-contaminants#Organic"" name=""LEFT"">CHLOROBENZENE</a>",13515422989<br/>
8,WA5300410,"Monitoring, Regular",JAN-01-2011<br/>,MAR-31-2011<br/>,"<a href=""https://www.epa.gov/your-drinking-water/table-regulated-drinking-water-contaminants#Organic"" name=""LEFT"">Tetrachloroethylene</a>",13515422987<br/>
9,WA5300410,"Monitoring, Regular",JAN-01-2011<br/>,MAR-31-2011<br/>,"<a href=""https://www.epa.gov/your-drinking-water/table-regulated-drinking-water-contaminants"" name=""LEFT"">Chloromethane</a>",13515422210<br/>
10,WA5300410,"Monitoring, Regular",JAN-01-2011<br/>,MAR-31-2011<br/>,"<a href=""https://www.epa.gov/your-drinking-water/table-regulated-drinking-water-contaminants"" name=""LEFT"">Bromomethane</a>",13515422214<br/>
11,WA5300410,"Monitoring, Regular",JAN-01-2011<br/>,MAR-31-2011<br/>,"<a href=""https://www.epa.gov/your-drinking-water/table-regulated-drinking-water-contaminants#Organic"" name=""LEFT"">1,2,4-Trichlorobenzene</a>",13515422378<br/>
12,WA5300410,"Monitoring, Regular",JAN-01-2011<br/>,MAR-31-2011<br/>,"<a href=""https://www.epa.gov/your-drinking-water/table-regulated-drinking-water-contaminants#Organic"" name=""LEFT"">cis-1,2-Dichloroethylene</a>",13515422380<br/>
13,WA5300410,"Monitoring, Regular",JAN-01-2011<br/>,MAR-31-2011<br/>,"<a href=""https://www.epa.gov/your-drinking-water/table-regulated-drinking-water-contaminants#Organic"" name=""LEFT"">DICHLOROMETHANE</a>",13515422964<br/>
14,WA5300410,"Monitoring, Regular",JAN-01-2011<br/>,MAR-31-2011<br/>,"<a href=""https://www.epa.gov/your-drinking-water/table-regulated-drinking-water-contaminants"" name=""LEFT"">o-Chlorotoluene</a>",13515422965<br/>
15,WA5300410,"Monitoring, Regular",JAN-01-2011<br/>,MAR-31-2011<br/>,"<a href=""https://www.epa.gov/your-drinking-water/table-regulated-drinking-water-contaminants#Organic"" name=""LEFT"">o-Dichlorobenzene</a>",13515422968<br/>
16,WA5300410,"Monitoring, Regular",JAN-01-2011<br/>,MAR-31-2011<br/>,"<a href=""https://www.epa.gov/your-drinking-water/table-regulated-drinking-water-contaminants#Organic"" name=""LEFT"">p-Dichlorobenzene</a>",13515422969<br/>
17,WA5300410,"Monitoring, Regular",JAN-01-2011<br/>,MAR-31-2011<br/>,"<a href=""https://www.epa.gov/your-drinking-water/table-regulated-drinking-water-contaminants#Organic"" name=""LEFT"">1,1-Dichloroethylene</a>",13515422977<br/>
18,WA5300410,"Monitoring, Regular",JAN-01-2011<br/>,MAR-31-2011<br/>,"<a href=""https://www.epa.gov/your-drinking-water/table-regulated-drinking-water-contaminants"" name=""LEFT"">1,1-Dichloroethane</a>",13515422978<br/>
19,WA5300410,"Monitoring, Regular",JAN-01-2011<br/>,MAR-31-2011<br/>,"<a href=""https://www.epa.gov/your-drinking-water/table-regulated-drinking-water-contaminants#Organic"" name=""LEFT"">trans-1,2-Dichloroethylene</a>",13515422979<br/>
20,WA5300410,"Monitoring, Regular",JAN-01-2011<br/>,MAR-31-2011<br/>,"<a href=""https://www.epa.gov/your-drinking-water/table-regulated-drinking-water-contaminants#Organic"" name=""LEFT"">1,2-Dichloroethane</a>",13515422980<br/>
21,WA5300410,"Monitoring, Regular",JAN-01-2011<br/>,MAR-31-2011<br/>,"<a href=""https://www.epa.gov/your-drinking-water/table-regulated-drinking-water-contaminants#Organic"" name=""LEFT"">1,1,1-Trichloroethane</a>",13515422981<br/>
22,WA5300410,"Monitoring, Regular",JAN-01-2011<br/>,MAR-31-2011<br/>,"<a href=""https://www.epa.gov/your-drinking-water/table-regulated-drinking-water-contaminants#Organic"" name=""LEFT"">Carbon tetrachloride</a>",13515422982<br/>
23,WA5300410,"Monitoring, Regular",JAN-01-2011<br/>,MAR-31-2011<br/>,"<a href=""https://www.epa.gov/your-drinking-water/table-regulated-drinking-water-contaminants#Organic"" name=""LEFT"">1,2-Dichloropropane</a>",13515422983<br/>
24,WA5300410,"Monitoring, Regular",JAN-01-2011<br/>,MAR-31-2011<br/>,"<a href=""https://www.epa.gov/your-drinking-water/table-regulated-drinking-water-contaminants#Organic"" name=""LEFT"">Trichloroethylene</a>",13515422984<br/>
25,WA5300410,"Monitoring, Regular",JAN-01-2011<br/>,MAR-31-2011<br/>,"<a href=""https://www.epa.gov/your-drinking-water/table-regulated-drinking-water-contaminants#Organic"" name=""LEFT"">1,1,2-Trichloroethane</a>",13515422985<br/>
26,WA5300410,"Monitoring, Regular",JAN-01-2008<br/>,DEC-31-2010<br/>,"<a href=""https://www.epa.gov/your-drinking-water/table-regulated-drinking-water-contaminants"" name=""LEFT"">Aldicarb</a>",10694892047<br/>
27,WA5300410,"Monitoring, Regular",JAN-01-2008<br/>,DEC-31-2010<br/>,"<a href=""https://www.epa.gov/your-drinking-water/table-regulated-drinking-water-contaminants#Organic"" name=""LEFT"">Carbofuran</a>",10694892046<br/>
28,WA5300410,"Monitoring, Regular",JAN-01-2008<br/>,DEC-31-2010<br/>,"<a href=""https://www.epa.gov/your-drinking-water/table-regulated-drinking-water-contaminants"" name=""LEFT"">Aldicarb sulfone</a>",10694892044<br/>
29,WA5300410,"Monitoring, Regular",JAN-01-2008<br/>,DEC-31-2010<br/>,"<a href=""https://www.epa.gov/your-drinking-water/table-regulated-drinking-water-contaminants"" name=""LEFT"">Aldicarb sulfoxide</a>",10694892043<br/>
30,WA5300410,"Monitoring, Regular",JAN-01-2008<br/>,DEC-31-2010<br/>,"<a href=""https://www.epa.gov/your-drinking-water/table-regulated-drinking-water-contaminants#Organic"" name=""LEFT"">OXAMYL</a>",10694892036<br/>
31,WA5300410,"Monitoring, Regular",JAN-01-2008<br/>,DEC-31-2010<br/>,"<a href=""https://www.epa.gov/your-drinking-water/table-regulated-drinking-water-contaminants"" name=""LEFT"">Methomyl</a>",10694892022<br/>
32,WA5300410,"Monitoring, Regular",JAN-01-2008<br/>,DEC-31-2010<br/>,"<a href=""https://www.epa.gov/your-drinking-water/table-regulated-drinking-water-contaminants"" name=""LEFT"">Carbaryl</a>",10694892021<br/>
33,WA5300410,"Monitoring, Regular",JAN-01-2005<br/>,DEC-31-2007<br/>,"<a href=""https://www.epa.gov/your-drinking-water/table-regulated-drinking-water-contaminants#Organic"" name=""LEFT"">Diquat</a>",07398492032<br/>
0,WA5300515,"Monitoring, Regular",JAN-01-2002<br/>,DEC-31-2010<br/>,"<a href=""https://www.epa.gov/your-drinking-water/table-regulated-drinking-water-contaminants#Inorganic"" name=""LEFT"">Arsenic</a>",10762841005<br/>
1,WA5300515,"Monitoring, Regular",JAN-01-2002<br/>,DEC-31-2010<br/>,"<a href=""https://www.epa.gov/your-drinking-water/table-regulated-drinking-water-contaminants"" name=""LEFT"">Zinc</a>",10762841095<br/>
2,WA5300515,"Monitoring, Regular",JAN-01-2002<br/>,DEC-31-2010<br/>,"<a href=""https://www.epa.gov/your-drinking-water/table-regulated-drinking-water-contaminants#Inorganic"" name=""LEFT"">Cadmium</a>",10762841015<br/>
3,WA5300515,"Monitoring, Regular",JAN-01-2002<br/>,DEC-31-2010<br/>,"<a href=""https://www.epa.gov/your-drinking-water/table-regulated-drinking-water-contaminants"" name=""LEFT"">Chloride</a>",10762841017<br/>
4,WA5300515,"Monitoring, Regular",JAN-01-2002<br/>,DEC-31-2010<br/>,"<a href=""https://www.epa.gov/your-drinking-water/table-regulated-drinking-water-contaminants#Inorganic"" name=""LEFT"">Chromium</a>",10762841020<br/>
5,WA5300515,"Monitoring, Regular",JAN-01-2002<br/>,DEC-31-2010<br/>,"<a href=""https://www.epa.gov/your-drinking-water/table-regulated-drinking-water-contaminants#Inorganic"" name=""LEFT"">CYANIDE</a>",10762841024<br/>
6,WA5300515,"Monitoring, Regular",JAN-01-2002<br/>,DEC-31-2010<br/>,"<a href=""https://www.epa.gov/your-drinking-water/table-regulated-drinking-water-contaminants#Inorganic"" name=""LEFT"">Fluoride</a>",10762841025<br/>
7,WA5300515,"Monitoring, Regular",JAN-01-2002<br/>,DEC-31-2010<br/>,"<a href=""https://www.epa.gov/your-drinking-water/table-regulated-drinking-water-contaminants"" name=""LEFT"">Iron</a>",10762841028<br/>
8,WA5300515,"Monitoring, Regular",JAN-01-2002<br/>,DEC-31-2010<br/>,"<a href=""https://www.epa.gov/your-drinking-water/table-regulated-drinking-water-contaminants"" name=""LEFT"">Manganese</a>",10762841032<br/>
9,WA5300515,"Monitoring, Regular",JAN-01-2002<br/>,DEC-31-2010<br/>,"<a href=""https://www.epa.gov/your-drinking-water/table-regulated-drinking-water-contaminants#Inorganic"" name=""LEFT"">Mercury</a>",10762841035<br/>
10,WA5300515,"Monitoring, Regular",JAN-01-2002<br/>,DEC-31-2010<br/>,"<a href=""https://www.epa.gov/your-drinking-water/table-regulated-drinking-water-contaminants"" name=""LEFT"">Nickel</a>",10762841036<br/>
11,WA5300515,"Monitoring, Regular",JAN-01-2002<br/>,DEC-31-2010<br/>,"<a href=""https://www.epa.gov/your-drinking-water/table-regulated-drinking-water-contaminants#Inorganic"" name=""LEFT"">Selenium</a>",10762841045<br/>
12,WA5300515,"Monitoring, Regular",JAN-01-2002<br/>,DEC-31-2010<br/>,"<a href=""https://www.epa.gov/your-drinking-water/table-regulated-drinking-water-contaminants"" name=""LEFT"">Silver</a>",10762841050<br/>
13,WA5300515,"Monitoring, Regular",JAN-01-2002<br/>,DEC-31-2010<br/>,"<a href=""https://www.epa.gov/your-drinking-water/table-regulated-drinking-water-contaminants"" name=""LEFT"">Sodium</a>",10762841052<br/>
14,WA5300515,"Monitoring, Regular",JAN-01-2002<br/>,DEC-31-2010<br/>,"<a href=""https://www.epa.gov/your-drinking-water/table-regulated-drinking-water-contaminants#Inorganic"" name=""LEFT"">Antimony, Total</a>",10762841074<br/>
15,WA5300515,"Monitoring, Regular",JAN-01-2002<br/>,DEC-31-2010<br/>,"<a href=""https://www.epa.gov/your-drinking-water/table-regulated-drinking-water-contaminants#Inorganic"" name=""LEFT"">Beryllium, Total</a>",10762841075<br/>
16,WA5300515,"Monitoring, Regular",JAN-01-2002<br/>,DEC-31-2010<br/>,"<a href=""https://www.epa.gov/your-drinking-water/table-regulated-drinking-water-contaminants#Inorganic"" name=""LEFT"">Thallium, Total</a>",10762841085<br/>
17,WA5300515,"Monitoring, Regular",JAN-01-2002<br/>,DEC-31-2010<br/>,"<a href=""https://www.epa.gov/your-drinking-water/table-regulated-drinking-water-contaminants#Inorganic"" name=""LEFT"">Barium</a>",10762841010<br/>
0,WA5325384,Follow-up Or Routine LCR Tap M/R,JAN-01-2006<br/>,<br/>,"<a href=""https://www.epa.gov/your-drinking-water/table-regulated-drinking-water-contaminants"" name=""LEFT"">Lead and Copper Rule</a>",0520988<br/>
1,WA5325384,"Monitoring, Regular",JAN-01-2005<br/>,DEC-31-2007<br/>,"<a href=""https://www.epa.gov/your-drinking-water/table-regulated-drinking-water-contaminants#Inorganic"" name=""LEFT"">Cadmium</a>",07209901015<br/>
2,WA5325384,"Monitoring, Regular",JAN-01-2005<br/>,DEC-31-2007<br/>,"<a href=""https://www.epa.gov/your-drinking-water/table-regulated-drinking-water-contaminants"" name=""LEFT"">Chloride</a>",07209901017<br/>
3,WA5325384,"Monitoring, Regular",JAN-01-2005<br/>,DEC-31-2007<br/>,"<a href=""https://www.epa.gov/your-drinking-water/table-regulated-drinking-water-contaminants#Inorganic"" name=""LEFT"">Chromium</a>",07209901020<br/>
4,WA5325384,"Monitoring, Regular",JAN-01-2005<br/>,DEC-31-2007<br/>,"<a href=""https://www.epa.gov/your-drinking-water/table-regulated-drinking-water-contaminants#Inorganic"" name=""LEFT"">CYANIDE</a>",07209901024<br/>
5,WA5325384,"Monitoring, Regular",JAN-01-2005<br/>,DEC-31-2007<br/>,"<a href=""https://www.epa.gov/your-drinking-water/table-regulated-drinking-water-contaminants#Inorganic"" name=""LEFT"">Fluoride</a>",07209901025<br/>
6,WA5325384,"Monitoring, Regular",JAN-01-2005<br/>,DEC-31-2007<br/>,"<a href=""https://www.epa.gov/your-drinking-water/table-regulated-drinking-water-contaminants"" name=""LEFT"">Iron</a>",07209901028<br/>
7,WA5325384,"Monitoring, Regular",JAN-01-2005<br/>,DEC-31-2007<br/>,"<a href=""https://www.epa.gov/your-drinking-water/table-regulated-drinking-water-contaminants"" name=""LEFT"">Manganese</a>",07209901032<br/>
8,WA5325384,"Monitoring, Regular",JAN-01-2005<br/>,DEC-31-2007<br/>,"<a href=""https://www.epa.gov/your-drinking-water/table-regulated-drinking-water-contaminants#Inorganic"" name=""LEFT"">Mercury</a>",07209901035<br/>
9,WA5325384,"Monitoring, Regular",JAN-01-2005<br/>,DEC-31-2007<br/>,"<a href=""https://www.epa.gov/your-drinking-water/table-regulated-drinking-water-contaminants"" name=""LEFT"">Nickel</a>",07209901036<br/>
10,WA5325384,"Monitoring, Regular",JAN-01-2005<br/>,DEC-31-2007<br/>,"<a href=""https://www.epa.gov/your-drinking-water/table-regulated-drinking-water-contaminants#Inorganic"" name=""LEFT"">Selenium</a>",07209901045<br/>
11,WA5325384,"Monitoring, Regular",JAN-01-2005<br/>,DEC-31-2007<br/>,"<a href=""https://www.epa.gov/your-drinking-water/table-regulated-drinking-water-contaminants"" name=""LEFT"">Silver</a>",07209901050<br/>
12,WA5325384,"Monitoring, Regular",JAN-01-2005<br/>,DEC-31-2007<br/>,"<a href=""https://www.epa.gov/your-drinking-water/table-regulated-drinking-water-contaminants"" name=""LEFT"">Sodium</a>",07209901052<br/>
13,WA5325384,"Monitoring, Regular",JAN-01-2005<br/>,DEC-31-2007<br/>,"<a href=""https://www.epa.gov/your-drinking-water/table-regulated-drinking-water-contaminants#Inorganic"" name=""LEFT"">Antimony, Total</a>",07209901074<br/>
14,WA5325384,"Monitoring, Regular",JAN-01-2005<br/>,DEC-31-2007<br/>,"<a href=""https://www.epa.gov/your-drinking-water/table-regulated-drinking-water-contaminants#Inorganic"" name=""LEFT"">Beryllium, Total</a>",07209901075<br/>
15,WA5325384,"Monitoring, Regular",JAN-01-2005<br/>,DEC-31-2007<br/>,"<a href=""https://www.epa.gov/your-drinking-water/table-regulated-drinking-water-contaminants#Inorganic"" name=""LEFT"">Thallium, Total</a>",07209901085<br/>
16,WA5325384,"Monitoring, Regular",JAN-01-2005<br/>,DEC-31-2007<br/>,"<a href=""https://www.epa.gov/your-drinking-water/table-regulated-drinking-water-contaminants"" name=""LEFT"">Zinc</a>",07209901095<br/>
17,WA5325384,"Monitoring, Regular",JAN-01-2005<br/>,DEC-31-2007<br/>,"<a href=""https://www.epa.gov/your-drinking-water/table-regulated-drinking-water-contaminants"" name=""LEFT"">Chloromethane</a>",07209912210<br/>
18,WA5325384,"Monitoring, Regular",JAN-01-2005<br/>,DEC-31-2007<br/>,"<a href=""https://www.epa.gov/your-drinking-water/table-regulated-drinking-water-contaminants"" name=""LEFT"">Bromomethane</a>",07209912214<br/>
19,WA5325384,"Monitoring, Regular",JAN-01-2005<br/>,DEC-31-2007<br/>,"<a href=""https://www.epa.gov/your-drinking-water/table-regulated-drinking-water-contaminants#Organic"" name=""LEFT"">1,2,4-Trichlorobenzene</a>",07209912378<br/>
20,WA5325384,"Monitoring, Regular",JAN-01-2005<br/>,DEC-31-2007<br/>,"<a href=""https://www.epa.gov/your-drinking-water/table-regulated-drinking-water-contaminants#Organic"" name=""LEFT"">cis-1,2-Dichloroethylene</a>",07209912380<br/>
21,WA5325384,"Monitoring, Regular",JAN-01-2005<br/>,DEC-31-2007<br/>,"<a href=""https://www.epa.gov/your-drinking-water/table-regulated-drinking-water-contaminants#Organic"" name=""LEFT"">DICHLOROMETHANE</a>",07209912964<br/>
22,WA5325384,"Monitoring, Regular",JAN-01-2005<br/>,DEC-31-2007<br/>,"<a href=""https://www.epa.gov/your-drinking-water/table-regulated-drinking-water-contaminants"" name=""LEFT"">o-Chlorotoluene</a>",07209912965<br/>
23,WA5325384,"Monitoring, Regular",JAN-01-2005<br/>,DEC-31-2007<br/>,"<a href=""https://www.epa.gov/your-drinking-water/table-regulated-drinking-water-contaminants#Organic"" name=""LEFT"">o-Dichlorobenzene</a>",07209912968<br/>
24,WA5325384,"Monitoring, Regular",JAN-01-2005<br/>,DEC-31-2007<br/>,"<a href=""https://www.epa.gov/your-drinking-water/table-regulated-drinking-water-contaminants#Organic"" name=""LEFT"">p-Dichlorobenzene</a>",07209912969<br/>
25,WA5325384,"Monitoring, Regular",JAN-01-2005<br/>,DEC-31-2007<br/>,"<a href=""https://www.epa.gov/your-drinking-water/table-regulated-drinking-water-contaminants#Organic"" name=""LEFT"">Vinyl chloride</a>",07209912976<br/>
26,WA5325384,"Monitoring, Regular",JAN-01-2005<br/>,DEC-31-2007<br/>,"<a href=""https://www.epa.gov/your-drinking-water/table-regulated-drinking-water-contaminants#Organic"" name=""LEFT"">1,1-Dichloroethylene</a>",07209912977<br/>
27,WA5325384,"Monitoring, Regular",JAN-01-2005<br/>,DEC-31-2007<br/>,"<a href=""https://www.epa.gov/your-drinking-water/table-regulated-drinking-water-contaminants"" name=""LEFT"">1,1-Dichloroethane</a>",07209912978<br/>
28,WA5325384,"Monitoring, Regular",JAN-01-2005<br/>,DEC-31-2007<br/>,"<a href=""https://www.epa.gov/your-drinking-water/table-regulated-drinking-water-contaminants#Organic"" name=""LEFT"">trans-1,2-Dichloroethylene</a>",07209912979<br/>
29,WA5325384,"Monitoring, Regular",JAN-01-2005<br/>,DEC-31-2007<br/>,"<a href=""https://www.epa.gov/your-drinking-water/table-regulated-drinking-water-contaminants#Organic"" name=""LEFT"">1,2-Dichloroethane</a>",07209912980<br/>
30,WA5325384,"Monitoring, Regular",JAN-01-2005<br/>,DEC-31-2007<br/>,"<a href=""https://www.epa.gov/your-drinking-water/table-regulated-drinking-water-contaminants#Organic"" name=""LEFT"">1,1,1-Trichloroethane</a>",07209912981<br/>
31,WA5325384,"Monitoring, Regular",JAN-01-2005<br/>,DEC-31-2007<br/>,"<a href=""https://www.epa.gov/your-drinking-water/table-regulated-drinking-water-contaminants#Organic"" name=""LEFT"">Carbon tetrachloride</a>",07209912982<br/>
32,WA5325384,"Monitoring, Regular",JAN-01-2005<br/>,DEC-31-2007<br/>,"<a href=""https://www.epa.gov/your-drinking-water/table-regulated-drinking-water-contaminants#Organic"" name=""LEFT"">1,2-Dichloropropane</a>",07209912983<br/>
33,WA5325384,"Monitoring, Regular",JAN-01-2005<br/>,DEC-31-2007<br/>,"<a href=""https://www.epa.gov/your-drinking-water/table-regulated-drinking-water-contaminants#Organic"" name=""LEFT"">Trichloroethylene</a>",07209912984<br/>
34,WA5325384,"Monitoring, Regular",JAN-01-2005<br/>,DEC-31-2007<br/>,"<a href=""https://www.epa.gov/your-drinking-water/table-regulated-drinking-water-contaminants#Organic"" name=""LEFT"">1,1,2-Trichloroethane</a>",07209912985<br/>
35,WA5325384,"Monitoring, Regular",JAN-01-2005<br/>,DEC-31-2007<br/>,"<a href=""https://www.epa.gov/your-drinking-water/table-regulated-drinking-water-contaminants#Organic"" name=""LEFT"">Tetrachloroethylene</a>",07209912987<br/>
36,WA5325384,"Monitoring, Regular",JAN-01-2005<br/>,DEC-31-2007<br/>,"<a href=""https://www.epa.gov/your-drinking-water/table-regulated-drinking-water-contaminants#Organic"" name=""LEFT"">CHLOROBENZENE</a>",07209912989<br/>
37,WA5325384,"Monitoring, Regular",JAN-01-2005<br/>,DEC-31-2007<br/>,"<a href=""https://www.epa.gov/your-drinking-water/table-regulated-drinking-water-contaminants#Organic"" name=""LEFT"">Benzene</a>",07209912990<br/>
38,WA5325384,"Monitoring, Regular",JAN-01-2005<br/>,DEC-31-2007<br/>,"<a href=""https://www.epa.gov/your-drinking-water/table-regulated-drinking-water-contaminants#Organic"" name=""LEFT"">Toluene</a>",07209912991<br/>
39,WA5325384,"Monitoring, Regular",JAN-01-2005<br/>,DEC-31-2007<br/>,"<a href=""https://www.epa.gov/your-drinking-water/table-regulated-drinking-water-contaminants#Organic"" name=""LEFT"">Ethylbenzene</a>",07209912992<br/>
40,WA5325384,"Monitoring, Regular",JAN-01-2005<br/>,DEC-31-2007<br/>,"<a href=""https://www.epa.gov/your-drinking-water/table-regulated-drinking-water-contaminants"" name=""LEFT"">Bromobenzene</a>",07209912993<br/>
41,WA5325384,"Monitoring, Regular",JAN-01-2005<br/>,DEC-31-2007<br/>,"<a href=""https://www.epa.gov/your-drinking-water/table-regulated-drinking-water-contaminants#Organic"" name=""LEFT"">Styrene</a>",07209912996<br/>
42,WA5325384,"Monitoring, Regular",JAN-01-2005<br/>,DEC-31-2007<br/>,"<a href=""https://www.epa.gov/your-drinking-water/table-regulated-drinking-water-contaminants#Inorganic"" name=""LEFT"">Barium</a>",07209901010<br/>
0,WA5383830,"Monitoring, Routine Major (TCR)",MAY-01-2014<br/>,MAY-31-2014<br/>,"<a href=""https://www.epa.gov/your-drinking-water/table-regulated-drinking-water-contaminants#Microorganisms"" name=""LEFT"">Coliform (TCR)</a>",1423634<br/>
1,WA5383830,"Monitoring, Regular",OCT-01-2013<br/>,DEC-31-2013<br/>,"<a href=""https://www.epa.gov/your-drinking-water/table-regulated-drinking-water-contaminants#Inorganic"" name=""LEFT"">Nitrate</a>",1399520<br/>
2,WA5383830,"Monitoring, Regular",JUL-01-2013<br/>,SEP-30-2013<br/>,"<a href=""https://www.epa.gov/your-drinking-water/table-regulated-drinking-water-contaminants#Inorganic"" name=""LEFT"">Nitrate</a>",1379747<br/>
3,WA5383830,"Monitoring, Regular",APR-01-2013<br/>,JUN-30-2013<br/>,"<a href=""https://www.epa.gov/your-drinking-water/table-regulated-drinking-water-contaminants#Inorganic"" name=""LEFT"">Nitrate</a>",1357562<br/>
4,WA5383830,"Monitoring, Regular",OCT-01-2012<br/>,DEC-31-2012<br/>,"<a href=""https://www.epa.gov/your-drinking-water/table-regulated-drinking-water-contaminants#Inorganic"" name=""LEFT"">Nitrate</a>",1290536<br/>
5,WA5383830,"Monitoring, Regular",JUL-01-2012<br/>,SEP-30-2012<br/>,"<a href=""https://www.epa.gov/your-drinking-water/table-regulated-drinking-water-contaminants#Inorganic"" name=""LEFT"">Nitrate</a>",1270465<br/>
6,WA5383830,"Monitoring, Regular",APR-01-2012<br/>,JUN-30-2012<br/>,"<a href=""https://www.epa.gov/your-drinking-water/table-regulated-drinking-water-contaminants#Inorganic"" name=""LEFT"">Nitrate</a>",1248244<br/>
7,WA5383830,"Monitoring, Regular",JAN-01-2012<br/>,MAR-31-2012<br/>,"<a href=""https://www.epa.gov/your-drinking-water/table-regulated-drinking-water-contaminants#Inorganic"" name=""LEFT"">Nitrate</a>",1201452<br/>
8,WA5383830,"Monitoring, Regular",JAN-01-2012<br/>,MAR-31-2012<br/>,"<a href=""https://www.epa.gov/your-drinking-water/table-regulated-drinking-water-contaminants#Inorganic"" name=""LEFT"">Nitrate</a>",1201262<br/>
9,WA5383830,"Monitoring, Routine Major (TCR)",OCT-01-2010<br/>,OCT-31-2010<br/>,"<a href=""https://www.epa.gov/your-drinking-water/table-regulated-drinking-water-contaminants#Microorganisms"" name=""LEFT"">Coliform (TCR)</a>",1010784<br/>
10,WA5383830,"Monitoring, Routine Major (TCR)",SEP-01-2010<br/>,SEP-30-2010<br/>,"<a href=""https://www.epa.gov/your-drinking-water/table-regulated-drinking-water-contaminants#Microorganisms"" name=""LEFT"">Coliform (TCR)</a>",1097262<br/>
11,WA5383830,"Monitoring, Regular",JUL-01-2010<br/>,SEP-30-2010<br/>,"<a href=""https://www.epa.gov/your-drinking-water/table-regulated-drinking-water-contaminants#Inorganic"" name=""LEFT"">Nitrate</a>",1086269<br/>
12,WA5383830,"Monitoring, Regular",JUL-01-2010<br/>,SEP-30-2010<br/>,"<a href=""https://www.epa.gov/your-drinking-water/table-regulated-drinking-water-contaminants#Inorganic"" name=""LEFT"">Nitrate</a>",1086270<br/>
13,WA5383830,"Monitoring, Routine Major (TCR)",JUL-01-2010<br/>,JUL-31-2010<br/>,"<a href=""https://www.epa.gov/your-drinking-water/table-regulated-drinking-water-contaminants#Microorganisms"" name=""LEFT"">Coliform (TCR)</a>",1086340<br/>
14,WA5383830,"Monitoring, Routine Major (TCR)",MAY-01-2010<br/>,MAY-31-2010<br/>,"<a href=""https://www.epa.gov/your-drinking-water/table-regulated-drinking-water-contaminants#Microorganisms"" name=""LEFT"">Coliform (TCR)</a>",1067849<br/>
15,WA5383830,"Monitoring, Regular",OCT-01-2009<br/>,DEC-31-2009<br/>,"<a href=""https://www.epa.gov/your-drinking-water/table-regulated-drinking-water-contaminants#Inorganic"" name=""LEFT"">Nitrate</a>",0982594<br/>
16,WA5383830,"Monitoring, Regular",OCT-01-2009<br/>,DEC-31-2009<br/>,"<a href=""https://www.epa.gov/your-drinking-water/table-regulated-drinking-water-contaminants#Inorganic"" name=""LEFT"">Nitrate</a>",0982564<br/>
17,WA5383830,"Monitoring, Regular",JUL-01-2009<br/>,SEP-30-2009<br/>,"<a href=""https://www.epa.gov/your-drinking-water/table-regulated-drinking-water-contaminants#Inorganic"" name=""LEFT"">Nitrate</a>",0957244<br/>
18,WA5383830,"Monitoring, Regular",JUL-01-2009<br/>,SEP-30-2009<br/>,"<a href=""https://www.epa.gov/your-drinking-water/table-regulated-drinking-water-contaminants#Inorganic"" name=""LEFT"">Nitrate</a>",0957114<br/>
19,WA5383830,"Monitoring, Regular",OCT-01-2008<br/>,DEC-31-2008<br/>,"<a href=""https://www.epa.gov/your-drinking-water/table-regulated-drinking-water-contaminants#Inorganic"" name=""LEFT"">Nitrate</a>",0843357<br/>
20,WA5383830,"Monitoring, Regular",JUL-01-2008<br/>,SEP-30-2008<br/>,"<a href=""https://www.epa.gov/your-drinking-water/table-regulated-drinking-water-contaminants#Inorganic"" name=""LEFT"">Nitrate</a>",0817203<br/>
21,WA5383830,"Monitoring, Regular",JAN-01-2008<br/>,MAR-31-2008<br/>,"<a href=""https://www.epa.gov/your-drinking-water/table-regulated-drinking-water-contaminants#Inorganic"" name=""LEFT"">Nitrate</a>",0872732<br/>
22,WA5383830,"Monitoring, Regular",APR-01-2007<br/>,JUN-30-2007<br/>,"<a href=""https://www.epa.gov/your-drinking-water/table-regulated-drinking-water-contaminants#Inorganic"" name=""LEFT"">Nitrate</a>",0734070<br/>
23,WA5383830,"Monitoring, Regular",APR-01-2006<br/>,JUN-30-2006<br/>,"<a href=""https://www.epa.gov/your-drinking-water/table-regulated-drinking-water-contaminants#Inorganic"" name=""LEFT"">Nitrate</a>",0608222<br/>
24,WA5383830,"Monitoring, Regular",JAN-01-2005<br/>,DEC-31-2007<br/>,"<a href=""https://www.epa.gov/your-drinking-water/table-regulated-drinking-water-contaminants#Inorganic"" name=""LEFT"">Chromium</a>",07350331020<br/>
25,WA5383830,"Monitoring, Regular",JAN-01-2005<br/>,DEC-31-2007<br/>,"<a href=""https://www.epa.gov/your-drinking-water/table-regulated-drinking-water-contaminants"" name=""LEFT"">Iron</a>",07350331028<br/>
26,WA5383830,"Monitoring, Regular",JAN-01-2005<br/>,DEC-31-2007<br/>,"<a href=""https://www.epa.gov/your-drinking-water/table-regulated-drinking-water-contaminants"" name=""LEFT"">Manganese</a>",07350331032<br/>
27,WA5383830,"Monitoring, Regular",JAN-01-2005<br/>,DEC-31-2007<br/>,"<a href=""https://www.epa.gov/your-drinking-water/table-regulated-drinking-water-contaminants#Inorganic"" name=""LEFT"">Mercury</a>",07350331035<br/>
28,WA5383830,"Monitoring, Regular",JAN-01-2005<br/>,DEC-31-2007<br/>,"<a href=""https://www.epa.gov/your-drinking-water/table-regulated-drinking-water-contaminants"" name=""LEFT"">Nickel</a>",07350331036<br/>
29,WA5383830,"Monitoring, Regular",JAN-01-2005<br/>,DEC-31-2007<br/>,"<a href=""https://www.epa.gov/your-drinking-water/table-regulated-drinking-water-contaminants#Inorganic"" name=""LEFT"">Selenium</a>",07350331045<br/>
30,WA5383830,"Monitoring, Regular",JAN-01-2005<br/>,DEC-31-2007<br/>,"<a href=""https://www.epa.gov/your-drinking-water/table-regulated-drinking-water-contaminants"" name=""LEFT"">Silver</a>",07350331050<br/>
31,WA5383830,"Monitoring, Regular",JAN-01-2005<br/>,DEC-31-2007<br/>,"<a href=""https://www.epa.gov/your-drinking-water/table-regulated-drinking-water-contaminants"" name=""LEFT"">Sodium</a>",07350331052<br/>
32,WA5383830,"Monitoring, Regular",JAN-01-2005<br/>,DEC-31-2007<br/>,"<a href=""https://www.epa.gov/your-drinking-water/table-regulated-drinking-water-contaminants#Inorganic"" name=""LEFT"">Antimony, Total</a>",07350331074<br/>
33,WA5383830,"Monitoring, Regular",JAN-01-2005<br/>,DEC-31-2007<br/>,"<a href=""https://www.epa.gov/your-drinking-water/table-regulated-drinking-water-contaminants#Inorganic"" name=""LEFT"">Beryllium, Total</a>",07350331075<br/>
34,WA5383830,"Monitoring, Regular",JAN-01-2005<br/>,DEC-31-2007<br/>,"<a href=""https://www.epa.gov/your-drinking-water/table-regulated-drinking-water-contaminants#Inorganic"" name=""LEFT"">Thallium, Total</a>",07350331085<br/>
35,WA5383830,"Monitoring, Regular",JAN-01-2005<br/>,DEC-31-2007<br/>,"<a href=""https://www.epa.gov/your-drinking-water/table-regulated-drinking-water-contaminants"" name=""LEFT"">Zinc</a>",07350331095<br/>
36,WA5383830,"Monitoring, Regular",JAN-01-2005<br/>,DEC-31-2007<br/>,"<a href=""https://www.epa.gov/your-drinking-water/table-regulated-drinking-water-contaminants"" name=""LEFT"">Chloride</a>",07350331017<br/>
37,WA5383830,"Monitoring, Regular",JAN-01-2005<br/>,DEC-31-2007<br/>,"<a href=""https://www.epa.gov/your-drinking-water/table-regulated-drinking-water-contaminants#Inorganic"" name=""LEFT"">Cadmium</a>",07350331015<br/>
38,WA5383830,"Monitoring, Regular",JAN-01-2005<br/>,DEC-31-2007<br/>,"<a href=""https://www.epa.gov/your-drinking-water/table-regulated-drinking-water-contaminants#Inorganic"" name=""LEFT"">Barium</a>",07350331010<br/>
39,WA5383830,"Monitoring, Regular",JAN-01-2005<br/>,DEC-31-2007<br/>,"<a href=""https://www.epa.gov/your-drinking-water/table-regulated-drinking-water-contaminants"" name=""LEFT"">Zinc</a>",07350261095<br/>
40,WA5383830,"Monitoring, Regular",JAN-01-2005<br/>,DEC-31-2007<br/>,"<a href=""https://www.epa.gov/your-drinking-water/table-regulated-drinking-water-contaminants#Inorganic"" name=""LEFT"">Thallium, Total</a>",07350261085<br/>
41,WA5383830,"Monitoring, Regular",JAN-01-2005<br/>,DEC-31-2007<br/>,"<a href=""https://www.epa.gov/your-drinking-water/table-regulated-drinking-water-contaminants#Inorganic"" name=""LEFT"">Beryllium, Total</a>",07350261075<br/>
42,WA5383830,"Monitoring, Regular",JAN-01-2005<br/>,DEC-31-2007<br/>,"<a href=""https://www.epa.gov/your-drinking-water/table-regulated-drinking-water-contaminants#Inorganic"" name=""LEFT"">Antimony, Total</a>",07350261074<br/>
43,WA5383830,"Monitoring, Regular",JAN-01-2005<br/>,DEC-31-2007<br/>,"<a href=""https://www.epa.gov/your-drinking-water/table-regulated-drinking-water-contaminants"" name=""LEFT"">Sodium</a>",07350261052<br/>
44,WA5383830,"Monitoring, Regular",JAN-01-2005<br/>,DEC-31-2007<br/>,"<a href=""https://www.epa.gov/your-drinking-water/table-regulated-drinking-water-contaminants"" name=""LEFT"">Silver</a>",07350261050<br/>
45,WA5383830,"Monitoring, Regular",JAN-01-2005<br/>,DEC-31-2007<br/>,"<a href=""https://www.epa.gov/your-drinking-water/table-regulated-drinking-water-contaminants#Inorganic"" name=""LEFT"">Selenium</a>",07350261045<br/>
46,WA5383830,"Monitoring, Regular",JAN-01-2005<br/>,DEC-31-2007<br/>,"<a href=""https://www.epa.gov/your-drinking-water/table-regulated-drinking-water-contaminants"" name=""LEFT"">Nickel</a>",07350261036<br/>
47,WA5383830,"Monitoring, Regular",JAN-01-2005<br/>,DEC-31-2007<br/>,"<a href=""https://www.epa.gov/your-drinking-water/table-regulated-drinking-water-contaminants#Inorganic"" name=""LEFT"">Mercury</a>",07350261035<br/>
48,WA5383830,"Monitoring, Regular",JAN-01-2005<br/>,DEC-31-2007<br/>,"<a href=""https://www.epa.gov/your-drinking-water/table-regulated-drinking-water-contaminants"" name=""LEFT"">Manganese</a>",07350261032<br/>
49,WA5383830,"Monitoring, Regular",JAN-01-2005<br/>,DEC-31-2007<br/>,"<a href=""https://www.epa.gov/your-drinking-water/table-regulated-drinking-water-contaminants"" name=""LEFT"">Iron</a>",07350261028<br/>
50,WA5383830,"Monitoring, Regular",JAN-01-2005<br/>,DEC-31-2007<br/>,"<a href=""https://www.epa.gov/your-drinking-water/table-regulated-drinking-water-contaminants#Inorganic"" name=""LEFT"">Fluoride</a>",07350261025<br/>
51,WA5383830,"Monitoring, Regular",JAN-01-2005<br/>,DEC-31-2007<br/>,"<a href=""https://www.epa.gov/your-drinking-water/table-regulated-drinking-water-contaminants#Inorganic"" name=""LEFT"">CYANIDE</a>",07350261024<br/>
52,WA5383830,"Monitoring, Regular",JAN-01-2005<br/>,DEC-31-2007<br/>,"<a href=""https://www.epa.gov/your-drinking-water/table-regulated-drinking-water-contaminants#Inorganic"" name=""LEFT"">Chromium</a>",07350261020<br/>
53,WA5383830,"Monitoring, Regular",JAN-01-2005<br/>,DEC-31-2007<br/>,"<a href=""https://www.epa.gov/your-drinking-water/table-regulated-drinking-water-contaminants"" name=""LEFT"">Chloride</a>",07350261017<br/>
54,WA5383830,"Monitoring, Regular",JAN-01-2005<br/>,DEC-31-2007<br/>,"<a href=""https://www.epa.gov/your-drinking-water/table-regulated-drinking-water-contaminants#Inorganic"" name=""LEFT"">Cadmium</a>",07350261015<br/>
55,WA5383830,"Monitoring, Regular",JAN-01-2005<br/>,DEC-31-2007<br/>,"<a href=""https://www.epa.gov/your-drinking-water/table-regulated-drinking-water-contaminants#Inorganic"" name=""LEFT"">Barium</a>",07350261010<br/>
56,WA5383830,"Monitoring, Regular",JAN-01-2005<br/>,DEC-31-2007<br/>,"<a href=""https://www.epa.gov/your-drinking-water/table-regulated-drinking-water-contaminants#Inorganic"" name=""LEFT"">CYANIDE</a>",07350331024<br/>
57,WA5383830,"Monitoring, Regular",JAN-01-2005<br/>,DEC-31-2007<br/>,"<a href=""https://www.epa.gov/your-drinking-water/table-regulated-drinking-water-contaminants#Inorganic"" name=""LEFT"">Fluoride</a>",07350331025<br/>
0,WA5300650,"Monitoring, Regular",JUL-01-2014<br/>,SEP-30-2014<br/>,"<a href=""https://www.epa.gov/your-drinking-water/table-regulated-drinking-water-contaminants#Organic"" name=""LEFT"">Pentachlorophenol</a>",14403122326<br/>
1,WA5300650,"Monitoring, Regular",JUL-01-2014<br/>,SEP-30-2014<br/>,"<a href=""https://www.epa.gov/your-drinking-water/table-regulated-drinking-water-contaminants"" name=""LEFT"">Dicamba</a>",14403122440<br/>
2,WA5300650,"Monitoring, Regular",JUL-01-2014<br/>,SEP-30-2014<br/>,"<a href=""https://www.epa.gov/your-drinking-water/table-regulated-drinking-water-contaminants#Organic"" name=""LEFT"">Dinoseb</a>",14403122041<br/>
3,WA5300650,"Monitoring, Regular",JUL-01-2014<br/>,SEP-30-2014<br/>,"<a href=""https://www.epa.gov/your-drinking-water/table-regulated-drinking-water-contaminants#Organic"" name=""LEFT"">Picloram</a>",14403122040<br/>
4,WA5300650,"Monitoring, Regular",JUL-01-2014<br/>,SEP-30-2014<br/>,"<a href=""https://www.epa.gov/your-drinking-water/table-regulated-drinking-water-contaminants#Organic"" name=""LEFT"">Dalapon</a>",14403122031<br/>
5,WA5300650,"Monitoring, Regular",JUL-01-2014<br/>,SEP-30-2014<br/>,"<a href=""https://www.epa.gov/your-drinking-water/table-regulated-drinking-water-contaminants#Organic"" name=""LEFT"">Chlordane</a>",14394442959<br/>
6,WA5300650,"Monitoring, Regular",JUL-01-2014<br/>,SEP-30-2014<br/>,"<a href=""https://www.epa.gov/your-drinking-water/table-regulated-drinking-water-contaminants"" name=""LEFT"">Metribuzin</a>",14394442595<br/>
7,WA5300650,"Monitoring, Regular",JUL-01-2014<br/>,SEP-30-2014<br/>,"<a href=""https://www.epa.gov/your-drinking-water/table-regulated-drinking-water-contaminants#Organic"" name=""LEFT"">Benzo(a)pyrene</a>",14394442306<br/>
8,WA5300650,"Monitoring, Regular",JUL-01-2014<br/>,SEP-30-2014<br/>,"<a href=""https://www.epa.gov/your-drinking-water/table-regulated-drinking-water-contaminants#Organic"" name=""LEFT"">HEXACHLOROBENZENE</a>",14394442274<br/>
9,WA5300650,"Monitoring, Regular",JUL-01-2014<br/>,SEP-30-2014<br/>,"<a href=""https://www.epa.gov/your-drinking-water/table-regulated-drinking-water-contaminants"" name=""LEFT"">Propachlor</a>",14394442077<br/>
10,WA5300650,"Monitoring, Regular",JUL-01-2014<br/>,SEP-30-2014<br/>,"<a href=""https://www.epa.gov/your-drinking-water/table-regulated-drinking-water-contaminants"" name=""LEFT"">Butachlor</a>",14394442076<br/>
11,WA5300650,"Monitoring, Regular",JUL-01-2014<br/>,SEP-30-2014<br/>,"<a href=""https://www.epa.gov/your-drinking-water/table-regulated-drinking-water-contaminants"" name=""LEFT"">Dieldrin</a>",14394442070<br/>
12,WA5300650,"Monitoring, Regular",JUL-01-2014<br/>,SEP-30-2014<br/>,"<a href=""https://www.epa.gov/your-drinking-water/table-regulated-drinking-water-contaminants#Organic"" name=""LEFT"">Heptachlor epoxide</a>",14394442067<br/>
13,WA5300650,"Monitoring, Regular",JUL-01-2014<br/>,SEP-30-2014<br/>,"<a href=""https://www.epa.gov/your-drinking-water/table-regulated-drinking-water-contaminants#Organic"" name=""LEFT"">Heptachlor</a>",14394442065<br/>
14,WA5300650,"Monitoring, Regular",JUL-01-2014<br/>,SEP-30-2014<br/>,"<a href=""https://www.epa.gov/your-drinking-water/table-regulated-drinking-water-contaminants#Organic"" name=""LEFT"">LASSO</a>",14394442051<br/>
15,WA5300650,"Monitoring, Regular",JUL-01-2014<br/>,SEP-30-2014<br/>,"<a href=""https://www.epa.gov/your-drinking-water/table-regulated-drinking-water-contaminants#Organic"" name=""LEFT"">Atrazine</a>",14394442050<br/>
16,WA5300650,"Monitoring, Regular",JUL-01-2014<br/>,SEP-30-2014<br/>,"<a href=""https://www.epa.gov/your-drinking-water/table-regulated-drinking-water-contaminants"" name=""LEFT"">Metolachlor</a>",14394442045<br/>
17,WA5300650,"Monitoring, Regular",JUL-01-2014<br/>,SEP-30-2014<br/>,"<a href=""https://www.epa.gov/your-drinking-water/table-regulated-drinking-water-contaminants#Organic"" name=""LEFT"">Hexachlorocyclopentadiene</a>",14394442042<br/>
18,WA5300650,"Monitoring, Regular",JUL-01-2014<br/>,SEP-30-2014<br/>,"<a href=""https://www.epa.gov/your-drinking-water/table-regulated-drinking-water-contaminants#Organic"" name=""LEFT"">Di(2-ethylhexyl) phthalate</a>",14394442039<br/>
19,WA5300650,"Monitoring, Regular",JUL-01-2014<br/>,SEP-30-2014<br/>,"<a href=""https://www.epa.gov/your-drinking-water/table-regulated-drinking-water-contaminants#Organic"" name=""LEFT"">Simazine</a>",14394442037<br/>
20,WA5300650,"Monitoring, Regular",JUL-01-2014<br/>,SEP-30-2014<br/>,"<a href=""https://www.epa.gov/your-drinking-water/table-regulated-drinking-water-contaminants#Organic"" name=""LEFT"">Di(2-ethylhexyl) adipate</a>",14394442035<br/>
21,WA5300650,"Monitoring, Regular",JUL-01-2014<br/>,SEP-30-2014<br/>,"<a href=""https://www.epa.gov/your-drinking-water/table-regulated-drinking-water-contaminants#Organic"" name=""LEFT"">Toxaphene</a>",14394442020<br/>
22,WA5300650,"Monitoring, Regular",JUL-01-2014<br/>,SEP-30-2014<br/>,"<a href=""https://www.epa.gov/your-drinking-water/table-regulated-drinking-water-contaminants#Organic"" name=""LEFT"">Methoxychlor</a>",14394442015<br/>
23,WA5300650,"Monitoring, Regular",JUL-01-2014<br/>,SEP-30-2014<br/>,"<a href=""https://www.epa.gov/your-drinking-water/table-regulated-drinking-water-contaminants"" name=""LEFT"">BHC-GAMMA</a>",14394442010<br/>
24,WA5300650,"Monitoring, Regular",JUL-01-2014<br/>,SEP-30-2014<br/>,"<a href=""https://www.epa.gov/your-drinking-water/table-regulated-drinking-water-contaminants#Organic"" name=""LEFT"">Endrin</a>",14394442005<br/>
25,WA5300650,"Monitoring, Regular",JUL-01-2014<br/>,SEP-30-2014<br/>,"<a href=""https://www.epa.gov/your-drinking-water/table-regulated-drinking-water-contaminants#Organic"" name=""LEFT"">2,4,5-TP</a>",14403122110<br/>
26,WA5300650,"Monitoring, Routine Major (TCR)",JUN-01-2012<br/>,JUN-30-2012<br/>,"<a href=""https://www.epa.gov/your-drinking-water/table-regulated-drinking-water-contaminants#Microorganisms"" name=""LEFT"">Coliform (TCR)</a>",1256837<br/>
27,WA5300650,"Monitoring, Regular",JAN-01-2008<br/>,DEC-31-2008<br/>,"<a href=""https://www.epa.gov/your-drinking-water/table-regulated-drinking-water-contaminants"" name=""LEFT"">Bromobenzene</a>",08182082993<br/>
28,WA5300650,"Monitoring, Regular",JAN-01-2008<br/>,DEC-31-2008<br/>,"<a href=""https://www.epa.gov/your-drinking-water/table-regulated-drinking-water-contaminants#Organic"" name=""LEFT"">Styrene</a>",08182082996<br/>
29,WA5300650,"Monitoring, Regular",JAN-01-2008<br/>,DEC-31-2008<br/>,"<a href=""https://www.epa.gov/your-drinking-water/table-regulated-drinking-water-contaminants#Organic"" name=""LEFT"">Toluene</a>",08182082991<br/>
30,WA5300650,"Monitoring, Regular",JAN-01-2008<br/>,DEC-31-2008<br/>,"<a href=""https://www.epa.gov/your-drinking-water/table-regulated-drinking-water-contaminants#Organic"" name=""LEFT"">Benzene</a>",08182082990<br/>
31,WA5300650,"Monitoring, Regular",JAN-01-2008<br/>,DEC-31-2008<br/>,"<a href=""https://www.epa.gov/your-drinking-water/table-regulated-drinking-water-contaminants#Organic"" name=""LEFT"">CHLOROBENZENE</a>",08182082989<br/>
32,WA5300650,"Monitoring, Regular",JAN-01-2008<br/>,DEC-31-2008<br/>,"<a href=""https://www.epa.gov/your-drinking-water/table-regulated-drinking-water-contaminants#Organic"" name=""LEFT"">Tetrachloroethylene</a>",08182082987<br/>
33,WA5300650,"Monitoring, Regular",JAN-01-2008<br/>,DEC-31-2008<br/>,"<a href=""https://www.epa.gov/your-drinking-water/table-regulated-drinking-water-contaminants#Organic"" name=""LEFT"">1,1,2-Trichloroethane</a>",08182082985<br/>
34,WA5300650,"Monitoring, Regular",JAN-01-2008<br/>,DEC-31-2008<br/>,"<a href=""https://www.epa.gov/your-drinking-water/table-regulated-drinking-water-contaminants#Organic"" name=""LEFT"">Trichloroethylene</a>",08182082984<br/>
35,WA5300650,"Monitoring, Regular",JAN-01-2008<br/>,DEC-31-2008<br/>,"<a href=""https://www.epa.gov/your-drinking-water/table-regulated-drinking-water-contaminants#Organic"" name=""LEFT"">1,2-Dichloropropane</a>",08182082983<br/>
36,WA5300650,"Monitoring, Regular",JAN-01-2008<br/>,DEC-31-2008<br/>,"<a href=""https://www.epa.gov/your-drinking-water/table-regulated-drinking-water-contaminants#Organic"" name=""LEFT"">Carbon tetrachloride</a>",08182082982<br/>
37,WA5300650,"Monitoring, Regular",JAN-01-2008<br/>,DEC-31-2008<br/>,"<a href=""https://www.epa.gov/your-drinking-water/table-regulated-drinking-water-contaminants#Organic"" name=""LEFT"">1,1,1-Trichloroethane</a>",08182082981<br/>
38,WA5300650,"Monitoring, Regular",JAN-01-2008<br/>,DEC-31-2008<br/>,"<a href=""https://www.epa.gov/your-drinking-water/table-regulated-drinking-water-contaminants#Organic"" name=""LEFT"">1,2-Dichloroethane</a>",08182082980<br/>
39,WA5300650,"Monitoring, Regular",JAN-01-2008<br/>,DEC-31-2008<br/>,"<a href=""https://www.epa.gov/your-drinking-water/table-regulated-drinking-water-contaminants#Organic"" name=""LEFT"">trans-1,2-Dichloroethylene</a>",08182082979<br/>
40,WA5300650,"Monitoring, Regular",JAN-01-2008<br/>,DEC-31-2008<br/>,"<a href=""https://www.epa.gov/your-drinking-water/table-regulated-drinking-water-contaminants"" name=""LEFT"">1,1-Dichloroethane</a>",08182082978<br/>
41,WA5300650,"Monitoring, Regular",JAN-01-2008<br/>,DEC-31-2008<br/>,"<a href=""https://www.epa.gov/your-drinking-water/table-regulated-drinking-water-contaminants#Organic"" name=""LEFT"">1,1-Dichloroethylene</a>",08182082977<br/>
42,WA5300650,"Monitoring, Regular",JAN-01-2008<br/>,DEC-31-2008<br/>,"<a href=""https://www.epa.gov/your-drinking-water/table-regulated-drinking-water-contaminants#Organic"" name=""LEFT"">Vinyl chloride</a>",08182082976<br/>
43,WA5300650,"Monitoring, Regular",JAN-01-2008<br/>,DEC-31-2008<br/>,"<a href=""https://www.epa.gov/your-drinking-water/table-regulated-drinking-water-contaminants#Organic"" name=""LEFT"">p-Dichlorobenzene</a>",08182082969<br/>
44,WA5300650,"Monitoring, Regular",JAN-01-2008<br/>,DEC-31-2008<br/>,"<a href=""https://www.epa.gov/your-drinking-water/table-regulated-drinking-water-contaminants#Organic"" name=""LEFT"">o-Dichlorobenzene</a>",08182082968<br/>
45,WA5300650,"Monitoring, Regular",JAN-01-2008<br/>,DEC-31-2008<br/>,"<a href=""https://www.epa.gov/your-drinking-water/table-regulated-drinking-water-contaminants"" name=""LEFT"">o-Chlorotoluene</a>",08182082965<br/>
46,WA5300650,"Monitoring, Regular",JAN-01-2008<br/>,DEC-31-2008<br/>,"<a href=""https://www.epa.gov/your-drinking-water/table-regulated-drinking-water-contaminants#Organic"" name=""LEFT"">DICHLOROMETHANE</a>",08182082964<br/>
47,WA5300650,"Monitoring, Regular",JAN-01-2008<br/>,DEC-31-2008<br/>,"<a href=""https://www.epa.gov/your-drinking-water/table-regulated-drinking-water-contaminants#Organic"" name=""LEFT"">cis-1,2-Dichloroethylene</a>",08182082380<br/>
48,WA5300650,"Monitoring, Regular",JAN-01-2008<br/>,DEC-31-2008<br/>,"<a href=""https://www.epa.gov/your-drinking-water/table-regulated-drinking-water-contaminants#Organic"" name=""LEFT"">1,2,4-Trichlorobenzene</a>",08182082378<br/>
49,WA5300650,"Monitoring, Regular",JAN-01-2008<br/>,DEC-31-2008<br/>,"<a href=""https://www.epa.gov/your-drinking-water/table-regulated-drinking-water-contaminants"" name=""LEFT"">Bromomethane</a>",08182082214<br/>
50,WA5300650,"Monitoring, Regular",JAN-01-2008<br/>,DEC-31-2008<br/>,"<a href=""https://www.epa.gov/your-drinking-water/table-regulated-drinking-water-contaminants"" name=""LEFT"">Chloromethane</a>",08182082210<br/>
51,WA5300650,"Monitoring, Regular",JAN-01-2008<br/>,DEC-31-2008<br/>,"<a href=""https://www.epa.gov/your-drinking-water/table-regulated-drinking-water-contaminants#Organic"" name=""LEFT"">Ethylbenzene</a>",08182082992<br/>
52,WA5300650,"Monitoring, Regular",JAN-01-2005<br/>,DEC-31-2007<br/>,"<a href=""https://www.epa.gov/your-drinking-water/table-regulated-drinking-water-contaminants#Organic"" name=""LEFT"">Diquat</a>",07398732032<br/>
0,WA5326995,"Monitoring, Regular",JAN-01-2015<br/>,DEC-31-2015<br/>,"<a href=""https://www.epa.gov/your-drinking-water/table-regulated-drinking-water-contaminants#Inorganic"" name=""LEFT"">Nitrate</a>",1504851<br/>
1,WA5326995,"Monitoring, Regular",JAN-01-2011<br/>,DEC-31-2013<br/>,"<a href=""https://www.epa.gov/your-drinking-water/table-regulated-drinking-water-contaminants#Inorganic"" name=""LEFT"">Arsenic</a>",13815011005<br/>
2,WA5326995,"Monitoring, Regular",JAN-01-2011<br/>,DEC-31-2013<br/>,"<a href=""https://www.epa.gov/your-drinking-water/table-regulated-drinking-water-contaminants#Inorganic"" name=""LEFT"">Barium</a>",13815011010<br/>
3,WA5326995,"Monitoring, Regular",JAN-01-2011<br/>,DEC-31-2013<br/>,"<a href=""https://www.epa.gov/your-drinking-water/table-regulated-drinking-water-contaminants#Inorganic"" name=""LEFT"">Cadmium</a>",13815011015<br/>
4,WA5326995,"Monitoring, Regular",JAN-01-2011<br/>,DEC-31-2013<br/>,"<a href=""https://www.epa.gov/your-drinking-water/table-regulated-drinking-water-contaminants"" name=""LEFT"">Chloride</a>",13815011017<br/>
5,WA5326995,"Monitoring, Regular",JAN-01-2011<br/>,DEC-31-2013<br/>,"<a href=""https://www.epa.gov/your-drinking-water/table-regulated-drinking-water-contaminants#Inorganic"" name=""LEFT"">Chromium</a>",13815011020<br/>
6,WA5326995,"Monitoring, Regular",JAN-01-2011<br/>,DEC-31-2013<br/>,"<a href=""https://www.epa.gov/your-drinking-water/table-regulated-drinking-water-contaminants#Inorganic"" name=""LEFT"">CYANIDE</a>",13815011024<br/>
7,WA5326995,"Monitoring, Regular",JAN-01-2011<br/>,DEC-31-2013<br/>,"<a href=""https://www.epa.gov/your-drinking-water/table-regulated-drinking-water-contaminants#Inorganic"" name=""LEFT"">Fluoride</a>",13815011025<br/>
8,WA5326995,"Monitoring, Regular",JAN-01-2011<br/>,DEC-31-2013<br/>,"<a href=""https://www.epa.gov/your-drinking-water/table-regulated-drinking-water-contaminants"" name=""LEFT"">Iron</a>",13815011028<br/>
9,WA5326995,"Monitoring, Regular",JAN-01-2011<br/>,DEC-31-2013<br/>,"<a href=""https://www.epa.gov/your-drinking-water/table-regulated-drinking-water-contaminants"" name=""LEFT"">Manganese</a>",13815011032<br/>
10,WA5326995,"Monitoring, Regular",JAN-01-2011<br/>,DEC-31-2013<br/>,"<a href=""https://www.epa.gov/your-drinking-water/table-regulated-drinking-water-contaminants#Inorganic"" name=""LEFT"">Mercury</a>",13815011035<br/>
11,WA5326995,"Monitoring, Regular",JAN-01-2011<br/>,DEC-31-2013<br/>,"<a href=""https://www.epa.gov/your-drinking-water/table-regulated-drinking-water-contaminants"" name=""LEFT"">Nickel</a>",13815011036<br/>
12,WA5326995,"Monitoring, Regular",JAN-01-2011<br/>,DEC-31-2013<br/>,"<a href=""https://www.epa.gov/your-drinking-water/table-regulated-drinking-water-contaminants#Inorganic"" name=""LEFT"">Selenium</a>",13815011045<br/>
13,WA5326995,"Monitoring, Regular",JAN-01-2011<br/>,DEC-31-2013<br/>,"<a href=""https://www.epa.gov/your-drinking-water/table-regulated-drinking-water-contaminants"" name=""LEFT"">Silver</a>",13815011050<br/>
14,WA5326995,"Monitoring, Regular",JAN-01-2011<br/>,DEC-31-2013<br/>,"<a href=""https://www.epa.gov/your-drinking-water/table-regulated-drinking-water-contaminants"" name=""LEFT"">Sodium</a>",13815011052<br/>
15,WA5326995,"Monitoring, Regular",JAN-01-2011<br/>,DEC-31-2013<br/>,"<a href=""https://www.epa.gov/your-drinking-water/table-regulated-drinking-water-contaminants#Inorganic"" name=""LEFT"">Antimony, Total</a>",13815011074<br/>
16,WA5326995,"Monitoring, Regular",JAN-01-2011<br/>,DEC-31-2013<br/>,"<a href=""https://www.epa.gov/your-drinking-water/table-regulated-drinking-water-contaminants#Inorganic"" name=""LEFT"">Beryllium, Total</a>",13815011075<br/>
17,WA5326995,"Monitoring, Regular",JAN-01-2011<br/>,DEC-31-2013<br/>,"<a href=""https://www.epa.gov/your-drinking-water/table-regulated-drinking-water-contaminants#Inorganic"" name=""LEFT"">Thallium, Total</a>",13815011085<br/>
18,WA5326995,"Monitoring, Regular",JAN-01-2011<br/>,DEC-31-2013<br/>,"<a href=""https://www.epa.gov/your-drinking-water/table-regulated-drinking-water-contaminants"" name=""LEFT"">Zinc</a>",13815011095<br/>
19,WA5326995,"Monitoring, Regular",JAN-01-2008<br/>,DEC-31-2010<br/>,"<a href=""https://www.epa.gov/your-drinking-water/table-regulated-drinking-water-contaminants"" name=""LEFT"">Iron</a>",10354831028<br/>
